USER,Color_Wiring_Map,DST_Puzzle,Table_Wipe_Rush,Find_SD_Card,Sink_or_Swim,Cam_Internship_Shooter,Kera_Candy_Balance,Keyboard_Shortcuts,user_returned
1,1,1,1,1,1,1,1,1,1
2,0,0,1,0,0,0,0,0,1
3,0,1,1,0,0,0,0,0,1
4,0,0,0,0,0,1,0,0,1
5,0,1,0,0,0,1,1,0,1
6,0,1,0,0,0,0,0,0,1
7,0,0,0,0,1,1,1,1,1
8,0,1,0,1,0,0,0,0,1
9,0,0,0,0,0,1,0,1,1
10,0,0,0,0,0,0,1,1,1
11,0,0,1,0,0,1,1,0,0
12,1,1,0,0,0,0,1,0,0
13,0,1,1,0,0,1,0,1,1
14,0,1,1,1,1,1,1,1,1
15,1,0,1,0,0,1,1,1,1
16,1,1,0,0,0,0,1,1,1
17,1,1,0,1,0,1,1,0,1
18,1,0,1,1,1,1,0,0,1
19,0,0,1,0,1,1,1,1,1
20,1,0,0,1,0,0,0,1,1
21,0,0,1,0,0,0,1,1,0
22,0,0,1,1,1,0,0,1,0
23,0,1,1,0,1,0,0,1,1
24,0,1,0,1,0,1,1,1,1
25,0,1,0,1,1,0,1,1,1
26,0,0,0,0,1,1,0,1,0
27,0,1,1,1,1,1,0,1,1
28,0,1,0,0,0,1,0,0,0
29,1,1,0,0,1,0,1,0,0
30,0,0,1,0,1,1,1,1,1
31,0,0,0,1,0,0,0,0,0
32,0,1,1,1,0,1,0,1,1